text,label
lol Arrête de stream ptdr,1
non mais Trop clean 🤡,0
C'est trop bien ce que tu fais 😭,0
non mais Tu joues depuis combien de temps ? sérieux,0
franchement Retourne t'entraîner 💀,1
lol Supprime ta chaîne sérieux,1
eh Bonne soirée le chat sérieux,0
mdr Pourquoi tu streams 😭,1
non mais Yo 😭,0
franchement Franchement respect 💀,0
non mais Super stream aujourd'hui lol,0
mdr Merci pour le stream mdr,0
eh T'es éclaté lol,1
eh C'était une belle game lol,0
wesh Très bonne ambiance ici 🤡,0
ptdr Bien joué le move lol,0
lol C'est insupportable,1
lol Personne t'aime ici 🤡,1
Mais joue correctement sérieux,1
wesh Ça fait pitié ptdr,1
eh Ferme ta gueule ptdr,1
franchement Quel est ton setup ? 🤡,0
non mais Arrête le stream 😭,1
ptdr Ferme-la mdr,1
non mais Yo 😭,0
eh Force à toi lol,0
lol Ce jeu est incroyable,0
lol Ce jeu est incroyable 😭,0
ptdr Même ma grand-mère joue mieux 🤡,1
Dégage de Twitch mdr,1
franchement Supprime ta chaîne mdr,1
eh Nice play,0
Va te faire foutre ptdr,1
franchement C'est trop bien ce que tu fais sérieux,0
Supprime ta chaîne lol,1
mdr Hâte de voir la suite lol,0
non mais Tu gères,0
eh On s'ennuie à mort,1
ptdr Quel clutch ptdr,0
wesh Bon courage 😭,0
eh Ça fait pitié ptdr,1
eh Tu fais n'importe quoi mdr,1
eh Yo sérieux,0
Personne t'aime ici 💀,1
lol Tu joues depuis combien de temps ? mdr,0
wesh Supprime ta chaîne sérieux,1
lol Ferme-la lol,1
eh Force à toi sérieux,0
mdr Tu fais n'importe quoi mdr,1
mdr C'est de la merde 💀,1
mdr Niveau zéro 😭,1
non mais Nice play mdr,0
non mais C'est insupportable 😭,1
non mais T'es ridicule 🤡,1
franchement Bonsoir à tous sérieux,0
eh Bonsoir à tous,0
eh Arrête de stream lol,1
ptdr Continue comme ça,0
lol Même ma grand-mère joue mieux 🤡,1
lol Nice play 🤡,0
lol Bien joué le move lol,0
eh Tu fais n'importe quoi ptdr,1
lol C'est catastrophique,1
wesh J'en peux plus de te voir lol,1
eh C'était une belle game 💀,0
non mais Va te faire foutre mdr,1
Trop fort mdr,0
T'es vraiment nul 🤡,1
franchement Va te faire foutre lol,1
franchement Quel malaise sérieux,1
lol C'est catastrophique 😭,1
ptdr T'es nul,1
wesh Quel est ton setup ? ptdr,0
mdr Quel stream de merde lol,1
eh Yo lol,0
ptdr Supprime ta chaîne ptdr,1
ptdr Tu fais n'importe quoi 🤡,1
wesh Merci pour le stream lol,0
eh J'adore ce jeu lol,0
mdr Apprends à jouer 💀,1
wesh GG bien joué 💀,0
mdr Quel clutch 💀,0
ptdr Arrête de stream 💀,1
T'es une honte ptdr,1
lol Franchement respect mdr,0
wesh Trop fort 🤡,0
non mais Même ma grand-mère joue mieux 😭,1
eh Force à toi mdr,0
eh Quel stream de merde 🤡,1
ptdr Continue comme ça ptdr,0
wesh Nice play ptdr,0
non mais Merci pour le contenu 😭,0
non mais Trop clean lol,0
wesh Quel stream de merde mdr,1
mdr Tu fais n'importe quoi sérieux,1
ptdr Va te faire foutre,1
eh Tu gères,0
non mais J'en peux plus de te voir 🤡,1
non mais Ça régale ptdr,0
non mais Même ma grand-mère joue mieux lol,1
lol C'est nul à chier 😭,1
lol Quel stream de merde 🤡,1
franchement J'aime bien ton style de jeu,0
mdr Tu fais n'importe quoi 🤡,1
mdr Va te faire foutre mdr,1
wesh C'est trop bien ce que tu fais 💀,0
eh Tu gères 💀,0
lol Très bonne ambiance ici 💀,0
mdr Trop fort sérieux,0
T'es gênant 💀,1
wesh Bonne soirée le chat lol,0
eh Bonne soirée le chat lol,0
franchement Arrête de stream lol,1
lol Retourne apprendre à jouer 😭,1
franchement C'est trop bien ce que tu fais mdr,0
ptdr Va te faire foutre 🤡,1
mdr Bonne soirée le chat mdr,0
lol C'est insupportable lol,1
ptdr Apprends à jouer 💀,1
franchement Masterclass lol,0
wesh Bien vu,0
eh T'es mauvais lol,1
ptdr T'es chaud aujourd'hui sérieux,0
Continue le grind 💀,0
Bonne soirée le chat sérieux,0
eh Bien joué le move,0
non mais J'aime bien ton style de jeu mdr,0
Ça fait pitié,1
C'est nul à chier 🤡,1
franchement Quel stream de merde mdr,1
T'es vraiment nul 😭,1
Personne t'aime ici 💀,1
ptdr Tu joues depuis combien de temps ? ptdr,0
T'es chaud aujourd'hui lol,0
eh T'es mauvais 🤡,1
wesh T'es éclaté sérieux,1
non mais Arrête le stream 😭,1
wesh Salut tout le monde lol,0
non mais J'en peux plus de te voir sérieux,1
non mais Ça fait plaisir à regarder 💀,0
mdr GG bien joué lol,0
eh T'es une honte mdr,1
wesh T'es mauvais 🤡,1
mdr T'es à la ramasse mdr,1
non mais C'est de la merde 💀,1
franchement Quel est ton setup ? 😭,0
eh Ce jeu est incroyable 😭,0
ptdr T'es un gros con mdr,1
wesh Arrête le stream mdr,1
GG bien joué 😭,0
J'adore ce jeu sérieux,0
franchement Tu gères 😭,0
franchement Quel stream de merde ptdr,1
non mais Bien joué le move 🤡,0
lol T'es pathétique lol,1
Trop fort,0
C'est insupportable 😭,1
mdr GG,0
wesh Trop clean 😭,0
Très bonne ambiance ici mdr,0
non mais Niveau zéro 😭,1
ptdr C'est nul à chier 😭,1
ptdr Ça joue bien mdr,0
franchement Quel malaise lol,1
franchement Tu joues depuis combien de temps ? mdr,0
lol Bon courage 😭,0
lol Tu joues depuis combien de temps ? sérieux,0
Super stream aujourd'hui 💀,0
Niveau zéro sérieux,1
ptdr Nice play,0
mdr J'en peux plus de te voir mdr,1
lol Ce jeu est incroyable lol,0
ptdr Tu gères,0
wesh Quelle purge 😭,1
lol Continue le grind 🤡,0
non mais Arrête de stream lol,1
non mais Dégage de Twitch 🤡,1
eh GG 🤡,0
wesh J'en peux plus de te voir 🤡,1
wesh T'es gênant sérieux,1
Bon courage 🤡,0
wesh Apprends à jouer ptdr,1
non mais Franchement respect lol,0
Quel clutch 💀,0
wesh Let's goooo 💀,0
wesh Nice play mdr,0
mdr Merci pour le contenu,0
lol Ça clutch fort 😭,0
lol C'est catastrophique 😭,1
non mais Supprime ta chaîne 💀,1
eh Supprime ta chaîne lol,1
franchement Bien vu,0
ptdr Bon courage 😭,0
Quel stream de merde ptdr,1
mdr Mais joue correctement ptdr,1
Ce jeu est incroyable mdr,0
wesh C'est de la merde 💀,1
mdr Propre lol,0
non mais Quel stream de merde ptdr,1
lol Hâte de voir la suite lol,0
C'est insupportable,1
franchement Va te faire foutre 💀,1
ptdr C'est trop bien ce que tu fais 💀,0
Ça régale ptdr,0
eh Tu gères 😭,0
franchement Quel stream de merde lol,1
mdr Niveau zéro mdr,1
franchement Supprime ta chaîne mdr,1
wesh Super stream aujourd'hui sérieux,0
non mais Ça clutch fort 🤡,0
ptdr Yo,0
lol On s'ennuie à mort mdr,1
eh J'aime bien ton style de jeu 🤡,0
non mais J'en peux plus de te voir mdr,1
non mais Incroyable ce clutch sérieux,0
ptdr Super stream aujourd'hui sérieux,0
Franchement respect 🤡,0
wesh T'es éclaté 🤡,1
ptdr T'es ridicule 💀,1
wesh T'es chaud aujourd'hui lol,0
eh Merci pour le stream 🤡,0
franchement Arrête le stream,1
ptdr T'as un niveau éclaté 💀,1
lol Ça fait plaisir à regarder 🤡,0
Super stream aujourd'hui mdr,0
On s'ennuie à mort 😭,1
mdr J'adore ce jeu,0
mdr Franchement respect 😭,0
ptdr Force à toi ptdr,0
eh Trop fort ptdr,0
Tu fais n'importe quoi 😭,1
Merci pour le contenu 😭,0
non mais T'es nul sérieux,1
lol C'est nul à chier lol,1
franchement On s'ennuie à mort,1
T'as un niveau éclaté,1
Ça joue bien,0
lol T'es un gros con,1
lol J'aime bien ton style de jeu ptdr,0
lol Merci pour le contenu mdr,0
wesh Franchement respect lol,0
lol T'es à la ramasse 💀,1
Quel clutch mdr,0
franchement Apprends à jouer 💀,1
eh GG bien joué 🤡,0
wesh Bonne soirée le chat 💀,0
wesh T'as un niveau éclaté lol,1
Quel malaise sérieux,1
mdr Niveau zéro sérieux,1
lol Propre 🤡,0
wesh Salut le chat lol,0
wesh T'es vraiment nul,1
franchement T'es à la ramasse mdr,1
mdr C'est catastrophique,1
eh T'as aucun talent,1
Hâte de voir la suite 🤡,0
La strat est bonne 💀,0
ptdr Niveau zéro 💀,1
mdr Nice play 😭,0
eh T'es à la ramasse,1
mdr C'est de la merde ptdr,1
ptdr Ferme ta gueule,1
non mais Arrête de stream 😭,1
franchement Quel malaise ptdr,1
lol Tu joues depuis combien de temps ? mdr,0
eh Ce jeu est incroyable 💀,0
T'es un gros con 😭,1
lol Quel est ton setup ? 😭,0
wesh Retourne apprendre à jouer,1
ptdr Super stream aujourd'hui,0
wesh Nice play sérieux,0
ptdr Supprime ta chaîne,1
lol J'en peux plus de te voir 😭,1
eh On s'ennuie à mort 💀,1
eh Personne t'aime ici ptdr,1
wesh GG 😭,0
franchement C'est nul à chier 💀,1
Quel stream de merde ptdr,1
eh Supprime ta chaîne ptdr,1
Let's goooo 💀,0
lol Quel stream de merde,1
Ça joue bien mdr,0
eh T'es mauvais mdr,1
ptdr T'es chaud aujourd'hui 💀,0
non mais T'es nul sérieux,1
mdr Trop clean ptdr,0
franchement Trop clean 😭,0
franchement C'est insupportable 🤡,1
franchement Même ma grand-mère joue mieux ptdr,1
mdr T'es gênant sérieux,1
eh Apprends à jouer 😭,1
eh Trop fort 😭,0
mdr C'est nul à chier sérieux,1
non mais Trop fort,0
mdr Super stream aujourd'hui ptdr,0
franchement Même ma grand-mère joue mieux ptdr,1
non mais Tu fais n'importe quoi 🤡,1
eh Pourquoi tu streams 🤡,1
lol Très bonne ambiance ici ptdr,0
non mais T'es éclaté sérieux,1
wesh Salut tout le monde ptdr,0
ptdr Propre ptdr,0
franchement Ça fait plaisir à regarder lol,0
eh Trop fort sérieux,0
lol Mais joue correctement sérieux,1
wesh T'as aucun talent ptdr,1
mdr Trop clean sérieux,0
Supprime ta chaîne 🤡,1
eh Salut tout le monde ptdr,0
wesh Super stream aujourd'hui lol,0
eh Quel malaise 🤡,1
Ça joue bien sérieux,0
lol Arrête le stream,1
wesh Nice play 😭,0
non mais J'aime bien ton style de jeu sérieux,0
mdr Incroyable ce clutch lol,0
eh Dégage de Twitch 😭,1
mdr T'es nul lol,1
franchement Dégage de Twitch 😭,1
eh C'est insupportable 🤡,1
non mais GG mdr,0
non mais Bien vu 💀,0
franchement Tu joues depuis combien de temps ? 😭,0
franchement Propre,0
non mais Tu fais n'importe quoi mdr,1
ptdr Bien vu 😭,0
mdr T'es nul 💀,1
eh T'es pathétique ptdr,1
C'est nul à chier mdr,1
franchement Retourne apprendre à jouer lol,1
ptdr Continue le grind 💀,0
non mais J'adore ce jeu,0
wesh Dégage de Twitch sérieux,1
wesh Bien vu ptdr,0
wesh T'as un niveau éclaté 💀,1
wesh Merci pour le contenu sérieux,0
eh J'en peux plus de te voir sérieux,1
lol J'aime bien ton style de jeu 🤡,0
lol C'est insupportable ptdr,1
non mais Très bonne ambiance ici mdr,0
ptdr T'es une honte 💀,1
mdr C'est de la merde lol,1
franchement Tu fais n'importe quoi lol,1
franchement Ça clutch fort 🤡,0
eh Trop fort sérieux,0
non mais Continue comme ça,0
non mais Va te faire foutre sérieux,1
eh Niveau zéro sérieux,1
ptdr Tu fais n'importe quoi 🤡,1
wesh Let's goooo sérieux,0
lol Super stream aujourd'hui,0
franchement Apprends à jouer sérieux,1
ptdr T'es gênant mdr,1
lol On s'ennuie à mort mdr,1
wesh T'as aucun talent 😭,1
lol Bonne soirée le chat 💀,0
non mais C'est nul à chier,1
wesh Merci pour le stream,0
eh Propre 💀,0
mdr Quel clutch ptdr,0
ptdr Nice play ptdr,0
La strat est bonne mdr,0
Tu joues depuis combien de temps ? ptdr,0
wesh C'est nul à chier 💀,1
mdr C'est catastrophique lol,1
mdr T'es chaud aujourd'hui sérieux,0
eh Bien joué le move 💀,0
ptdr Merci pour le stream,0
franchement Arrête le stream 😭,1
Salut le chat,0
J'aime bien ton style de jeu sérieux,0
Mais joue correctement mdr,1
wesh Dégage de Twitch lol,1
lol Super stream aujourd'hui sérieux,0
ptdr J'aime bien ton style de jeu ptdr,0
Continue le grind,0
wesh Ça fait pitié 🤡,1
franchement Franchement respect 💀,0
ptdr T'es mauvais 🤡,1
eh Yo 🤡,0
wesh Ce jeu est incroyable 🤡,0
franchement Continue comme ça,0
eh Merci pour le stream lol,0
eh Bien vu lol,0
ptdr Nice play sérieux,0
Tu joues depuis combien de temps ? lol,0
mdr La strat est bonne lol,0
franchement Ça clutch fort 🤡,0
ptdr Salut le chat 🤡,0
eh Incroyable ce clutch 😭,0
franchement Tu gères ptdr,0
mdr Bon courage sérieux,0
ptdr T'es mauvais ptdr,1
lol Quel malaise,1
non mais Ça fait plaisir à regarder 😭,0
Supprime ta chaîne,1
C'est de la merde 🤡,1
ptdr Trop clean lol,0
eh Bonne soirée le chat 🤡,0
franchement Ferme ta gueule 😭,1
wesh Va te faire foutre lol,1
franchement Tu joues depuis combien de temps ? ptdr,0
franchement Yo,0
lol Quelle purge lol,1
ptdr Niveau zéro,1
non mais Quel malaise sérieux,1
ptdr GG bien joué lol,0
eh Continue comme ça lol,0
ptdr T'es un gros con mdr,1
Personne t'aime ici 😭,1
ptdr Ferme ta gueule 🤡,1
lol Merci pour le stream mdr,0
wesh Bon courage 🤡,0
Change de jeu t'es nul ptdr,1
lol T'es gênant sérieux,1
ptdr T'es pathétique 💀,1
Trop fort mdr,0
non mais GG bien joué lol,0
non mais T'es ridicule 🤡,1
ptdr T'es éclaté 😭,1
wesh T'es ridicule sérieux,1
non mais C'est insupportable 😭,1
ptdr T'as aucun talent sérieux,1
Quel malaise 💀,1
franchement T'as un niveau éclaté 😭,1
non mais T'es à la ramasse lol,1
lol Hâte de voir la suite ptdr,0
Ça fait plaisir à regarder,0
franchement Quel clutch ptdr,0
ptdr Ça fait pitié mdr,1
non mais Hâte de voir la suite 🤡,0
wesh Quel malaise 🤡,1
mdr T'es nul 🤡,1
eh Niveau zéro,1
non mais C'est catastrophique mdr,1
wesh T'as un niveau éclaté 💀,1
eh T'es pathétique 🤡,1
eh T'es vraiment nul lol,1
non mais T'es une honte 💀,1
ptdr Bonne chance pour la suite,0
wesh T'es à la ramasse sérieux,1
eh J'aime bien ton style de jeu sérieux,0
Ça clutch fort 🤡,0
wesh Bien vu ptdr,0
ptdr Ça joue bien sérieux,0
eh Quel malaise 🤡,1
ptdr T'as aucun talent mdr,1
ptdr Yo 😭,0
franchement T'es ridicule 😭,1
ptdr T'es un gros con sérieux,1
wesh On s'ennuie à mort 💀,1
J'en peux plus de te voir lol,1
Apprends à jouer 😭,1
non mais Ferme-la 💀,1
wesh T'es gênant 😭,1
non mais Tu joues depuis combien de temps ? ptdr,0
Trop clean 😭,0
non mais Apprends à jouer mdr,1
non mais Continue le grind mdr,0
ptdr Bien joué le move sérieux,0
ptdr Salut le chat 🤡,0
mdr T'as un niveau éclaté,1
lol J'en peux plus de te voir lol,1
lol C'était une belle game mdr,0
wesh Ça clutch fort,0
eh Bonne soirée le chat mdr,0
ptdr Merci pour le contenu mdr,0
eh Merci pour le contenu 💀,0
non mais T'es gênant,1
ptdr GG mdr,0
ptdr Mais joue correctement lol,1
ptdr C'est nul à chier ptdr,1
Quelle purge mdr,1
franchement Supprime ta chaîne 😭,1
non mais Tu fais n'importe quoi 💀,1
wesh C'est de la merde mdr,1
non mais T'es une honte 😭,1
franchement Ferme-la 💀,1
non mais Continue comme ça mdr,0
wesh T'es éclaté 😭,1
wesh Salut le chat 💀,0
mdr Ça régale ptdr,0
C'est trop bien ce que tu fais sérieux,0
lol T'as un niveau éclaté 💀,1
non mais C'est nul à chier sérieux,1
wesh Yo mdr,0
eh Ça fait plaisir à regarder 💀,0
T'es éclaté 🤡,1
mdr Trop clean 🤡,0
franchement Bon courage ptdr,0
eh Bonsoir à tous 💀,0
T'es une honte 🤡,1
Trop clean 💀,0
wesh Pourquoi tu streams 💀,1
franchement T'es un gros con lol,1
wesh C'était une belle game 🤡,0
wesh Tu joues depuis combien de temps ? lol,0
non mais T'as un niveau éclaté 😭,1
ptdr T'es gênant,1
franchement Même ma grand-mère joue mieux,1
franchement T'as aucun talent sérieux,1
franchement Merci pour le contenu ptdr,0
mdr Supprime ta chaîne 🤡,1
eh Ça joue bien,0
Salut le chat 💀,0
non mais Supprime ta chaîne 😭,1
lol Supprime ta chaîne ptdr,1
eh J'en peux plus de te voir mdr,1
eh T'as un niveau éclaté mdr,1
Continue comme ça mdr,0
non mais Bien joué le move lol,0
Continue le grind ptdr,0
non mais Dégage de Twitch,1
lol C'est insupportable 😭,1
franchement Continue comme ça mdr,0
non mais Quel est ton setup ? 😭,0
Tu joues depuis combien de temps ? lol,0
eh T'es pathétique lol,1
ptdr T'es mauvais,1
franchement Ferme ta gueule ptdr,1
wesh Let's goooo,0
mdr Masterclass ptdr,0
lol Continue le grind 😭,0
wesh Retourne apprendre à jouer ptdr,1
mdr T'es nul mdr,1
mdr Continue comme ça sérieux,0
mdr Ça joue bien 🤡,0
non mais Apprends à jouer,1
mdr C'est nul à chier 😭,1
eh C'est trop bien ce que tu fais mdr,0
franchement Quel stream de merde lol,1
eh T'es gênant,1
mdr J'en peux plus de te voir 💀,1
franchement Continue comme ça lol,0
franchement Force à toi lol,0
lol Nice play lol,0
eh Apprends à jouer sérieux,1
ptdr Retourne t'entraîner,1
franchement J'adore ce jeu 😭,0
T'es à la ramasse lol,1
wesh Continue comme ça 🤡,0
ptdr J'en peux plus de te voir 🤡,1
non mais Yo 😭,0
ptdr T'as aucun talent 🤡,1
non mais Mais joue correctement 💀,1
mdr Personne t'aime ici 🤡,1
wesh Arrête de stream 🤡,1
ptdr Quel malaise lol,1
franchement Retourne apprendre à jouer 🤡,1
eh T'es pathétique lol,1
wesh Quel clutch ptdr,0
wesh Bonne soirée le chat mdr,0
non mais Bonne chance pour la suite lol,0
mdr Let's goooo 💀,0
lol Bonne chance pour la suite 💀,0
lol T'es à la ramasse 🤡,1
ptdr C'était une belle game,0
wesh T'es un gros con 😭,1
ptdr C'était une belle game ptdr,0
wesh T'es ridicule mdr,1
mdr Bien joué le move mdr,0
franchement T'es gênant lol,1
non mais Ça fait plaisir à regarder 💀,0
non mais Bonne chance pour la suite,0
Ça joue bien mdr,0
franchement Ferme ta gueule 🤡,1
mdr Va te faire foutre 💀,1
mdr Retourne apprendre à jouer,1
lol Ça régale 😭,0
mdr Let's goooo sérieux,0
ptdr Yo 🤡,0
wesh Incroyable ce clutch 🤡,0
eh Salut le chat ptdr,0
lol Tu fais n'importe quoi sérieux,1
lol Retourne t'entraîner sérieux,1
non mais C'est catastrophique 🤡,1
non mais T'es à la ramasse 😭,1
non mais Bien vu 💀,0
non mais Tu fais n'importe quoi lol,1
lol Ça fait plaisir à regarder ptdr,0
eh Ça fait plaisir à regarder 😭,0
non mais C'est trop bien ce que tu fais 💀,0
franchement GG bien joué,0
wesh Force à toi lol,0
eh T'es ridicule mdr,1
franchement Bonne chance pour la suite ptdr,0
J'aime bien ton style de jeu 😭,0
C'est insupportable ptdr,1
mdr Super stream aujourd'hui mdr,0
eh Franchement respect ptdr,0
Force à toi 💀,0
wesh Quel stream de merde 🤡,1
Ça joue bien 😭,0
Retourne t'entraîner 😭,1
non mais Merci pour le stream lol,0
lol Quel malaise 🤡,1
mdr Nice play mdr,0
ptdr Bien vu 💀,0
Incroyable ce clutch mdr,0
Merci pour le contenu mdr,0
non mais Niveau zéro mdr,1
eh Ferme-la 💀,1
ptdr Niveau zéro 🤡,1
non mais Apprends à jouer 💀,1
franchement Bien joué le move,0
wesh Change de jeu t'es nul mdr,1
non mais Tu joues depuis combien de temps ? 💀,0
non mais Ferme-la ptdr,1
wesh Ça clutch fort 🤡,0
Ça joue bien sérieux,0
Merci pour le stream lol,0
C'est nul à chier 💀,1
lol Quel stream de merde lol,1
mdr Apprends à jouer,1
wesh Quel est ton setup ? 💀,0
eh T'es vraiment nul mdr,1
eh Masterclass mdr,0
ptdr Supprime ta chaîne,1
lol GG bien joué mdr,0
non mais Ça régale 💀,0
Ça fait pitié sérieux,1
eh Change de jeu t'es nul 💀,1
franchement Supprime ta chaîne lol,1
mdr Propre 🤡,0
lol T'es pathétique 😭,1
Incroyable ce clutch sérieux,0
eh Bonne soirée le chat 🤡,0
lol Yo lol,0
eh Propre sérieux,0
franchement Continue comme ça 💀,0
eh Ça joue bien 💀,0
franchement GG mdr,0
lol C'est de la merde 😭,1
mdr Trop fort ptdr,0
wesh Retourne apprendre à jouer mdr,1
eh Quel est ton setup ? ptdr,0
non mais T'es vraiment nul ptdr,1
T'es un gros con 🤡,1
franchement Incroyable ce clutch lol,0
mdr Apprends à jouer mdr,1
ptdr Ça joue bien lol,0
lol J'adore ce jeu 😭,0
franchement Trop fort lol,0
mdr T'es vraiment nul mdr,1
ptdr T'es à la ramasse 😭,1
wesh GG bien joué 💀,0
ptdr T'es pathétique,1
mdr Quel clutch sérieux,0
mdr C'est nul à chier 🤡,1
J'adore ce jeu,0
eh Ça régale,0
mdr Arrête le stream mdr,1
franchement Trop clean mdr,0
T'es gênant ptdr,1
wesh Quelle purge 🤡,1
franchement C'est nul à chier 💀,1
ptdr Hâte de voir la suite ptdr,0
mdr Arrête le stream sérieux,1
wesh Salut tout le monde ptdr,0
eh Bien joué le move,0
eh Mais joue correctement lol,1
lol Bien joué le move 😭,0
mdr Tu joues depuis combien de temps ? 😭,0
mdr Let's goooo,0
wesh T'es ridicule,1
wesh Mais joue correctement mdr,1
eh Merci pour le contenu sérieux,0
mdr Tu gères 💀,0
lol Apprends à jouer lol,1
eh Trop fort 😭,0
franchement Apprends à jouer mdr,1
non mais Quel malaise ptdr,1
J'aime bien ton style de jeu 🤡,0
franchement Bonsoir à tous ptdr,0
mdr Retourne apprendre à jouer 😭,1
wesh Masterclass ptdr,0
non mais T'es pathétique mdr,1
mdr T'es pathétique 🤡,1
lol Propre 🤡,0
franchement Let's goooo,0
non mais C'était une belle game 🤡,0
ptdr C'est insupportable mdr,1
eh J'adore ce jeu mdr,0
wesh Bonne soirée le chat lol,0
lol Merci pour le contenu 🤡,0
lol Hâte de voir la suite 🤡,0
wesh T'es ridicule 🤡,1
Ce jeu est incroyable 😭,0
non mais Personne t'aime ici 💀,1
lol Tu joues depuis combien de temps ? lol,0
wesh T'es une honte,1
franchement T'es une honte 💀,1
wesh Mais joue correctement,1
eh Tu fais n'importe quoi,1
eh Supprime ta chaîne 💀,1
franchement T'es à la ramasse mdr,1
franchement Arrête le stream,1
wesh Let's goooo 😭,0
ptdr Ça fait pitié mdr,1
wesh T'es une honte lol,1
wesh Ça fait plaisir à regarder 😭,0
franchement GG bien joué,0
non mais Quel malaise 💀,1
mdr Ça fait pitié,1
ptdr Yo 🤡,0
ptdr Niveau zéro mdr,1
wesh Hâte de voir la suite mdr,0
mdr Let's goooo lol,0
Propre mdr,0
Merci pour le contenu mdr,0
non mais Bien joué le move lol,0
franchement La strat est bonne mdr,0
franchement Bien joué le move 💀,0
eh Arrête de stream 💀,1
wesh Nice play 😭,0
lol Apprends à jouer mdr,1
non mais Ça régale,0
mdr Trop clean 🤡,0
mdr T'es vraiment nul ptdr,1
ptdr Change de jeu t'es nul 💀,1
wesh J'aime bien ton style de jeu 🤡,0
ptdr Quel malaise sérieux,1
non mais Ça joue bien 😭,0
lol Nice play 💀,0
wesh T'es ridicule ptdr,1
mdr Quel clutch lol,0
ptdr T'es une honte 😭,1
eh Quel stream de merde ptdr,1
ptdr Tu gères 🤡,0
franchement Respect pour le niveau sérieux,0
lol Force à toi lol,0
ptdr Ferme ta gueule 🤡,1
lol C'est catastrophique ptdr,1
wesh Continue le grind sérieux,0
wesh On s'ennuie à mort 😭,1
ptdr Tu gères 💀,0
mdr Bonne chance pour la suite sérieux,0
wesh Salut le chat mdr,0
eh Ça fait plaisir à regarder lol,0
ptdr Va te faire foutre,1
lol T'es chaud aujourd'hui 🤡,0
lol Quel est ton setup ? 😭,0
lol Pourquoi tu streams ptdr,1
mdr C'est nul à chier 😭,1
ptdr C'est nul à chier ptdr,1
ptdr Mais joue correctement sérieux,1
lol Ferme ta gueule 🤡,1
lol Masterclass 🤡,0
T'es une honte 😭,1
lol Bonne chance pour la suite,0
non mais Bien vu lol,0
mdr Salut le chat 💀,0
ptdr Let's goooo lol,0
mdr Tu gères,0
wesh Yo 💀,0
eh Continue comme ça 💀,0
Continue le grind sérieux,0
ptdr Ça fait plaisir à regarder 💀,0
lol Super stream aujourd'hui 😭,0
wesh Ça clutch fort 💀,0
mdr Ferme ta gueule 💀,1
franchement Yo 🤡,0
non mais Très bonne ambiance ici 💀,0
ptdr Continue comme ça,0
mdr Quel malaise 🤡,1
wesh Let's goooo ptdr,0
non mais Change de jeu t'es nul 😭,1
lol T'as aucun talent,1
eh T'es vraiment nul lol,1
franchement Ça régale 💀,0
ptdr Bien joué le move lol,0
franchement Très bonne ambiance ici 💀,0
eh Yo 😭,0
eh Quelle purge 💀,1
non mais Trop clean 😭,0
wesh Mais joue correctement 💀,1
ptdr T'es gênant 🤡,1
mdr Propre ptdr,0
non mais Yo,0
lol Continue comme ça 🤡,0
lol On s'ennuie à mort 🤡,1
Super stream aujourd'hui 💀,0
mdr Nice play,0
franchement Masterclass,0
mdr Franchement respect 😭,0
wesh Tu gères 😭,0
C'est catastrophique lol,1
ptdr Bonsoir à tous ptdr,0
lol Tu gères 😭,0
eh T'es à la ramasse 💀,1
mdr Yo 💀,0
wesh Niveau zéro 🤡,1
non mais Ce jeu est incroyable mdr,0
franchement C'est catastrophique mdr,1
franchement C'était une belle game 🤡,0
ptdr GG bien joué,0
wesh Ça fait plaisir à regarder sérieux,0
franchement J'adore ce jeu 💀,0
mdr Respect pour le niveau ptdr,0
Apprends à jouer 😭,1
wesh Ça régale ptdr,0
mdr Super stream aujourd'hui sérieux,0
non mais J'adore ce jeu mdr,0
ptdr Ça clutch fort mdr,0
franchement Bien joué le move sérieux,0
mdr Quel malaise 💀,1
ptdr C'est catastrophique 💀,1
ptdr T'es pathétique 😭,1
mdr Tu fais n'importe quoi sérieux,1
Dégage de Twitch mdr,1
lol Quel clutch 🤡,0
non mais Bon courage sérieux,0
mdr C'est nul à chier 🤡,1
mdr C'est nul à chier ptdr,1
Ça fait plaisir à regarder lol,0
eh C'est catastrophique 💀,1
non mais Pourquoi tu streams 🤡,1
wesh C'est insupportable sérieux,1
franchement Supprime ta chaîne mdr,1
lol Respect pour le niveau,0
T'as aucun talent 💀,1
eh Trop clean lol,0
non mais Quel stream de merde 💀,1
non mais J'adore ce jeu ptdr,0
lol Merci pour le stream mdr,0
ptdr Tu joues depuis combien de temps ? 🤡,0
ptdr GG lol,0
ptdr La strat est bonne ptdr,0
ptdr T'as un niveau éclaté sérieux,1
non mais Force à toi sérieux,0
ptdr T'es une honte 💀,1
franchement Dégage de Twitch,1
Merci pour le stream 🤡,0
ptdr GG bien joué mdr,0
franchement Tu fais n'importe quoi mdr,1
non mais Bon courage,0
Ça clutch fort 🤡,0
eh Quel stream de merde 😭,1
lol Dégage de Twitch sérieux,1
mdr Continue le grind,0
ptdr Ferme ta gueule ptdr,1
Retourne apprendre à jouer 💀,1
Quel clutch sérieux,0
non mais Quelle purge 🤡,1
mdr Tu joues depuis combien de temps ?,0
wesh Retourne t'entraîner mdr,1
ptdr Va te faire foutre ptdr,1
franchement Pourquoi tu streams 😭,1
mdr Tu gères 🤡,0
eh Très bonne ambiance ici 🤡,0
Ça régale,0
mdr Respect pour le niveau sérieux,0
mdr Même ma grand-mère joue mieux 😭,1
ptdr Merci pour le stream lol,0
lol Ferme-la mdr,1
wesh Arrête le stream ptdr,1
non mais Tu gères lol,0
eh C'est trop bien ce que tu fais mdr,0
lol Ce jeu est incroyable 🤡,0
franchement Retourne apprendre à jouer ptdr,1
franchement Merci pour le stream sérieux,0
mdr Tu gères 💀,0
wesh Merci pour le contenu sérieux,0
mdr Quel stream de merde mdr,1
mdr Force à toi 🤡,0
wesh Même ma grand-mère joue mieux,1
wesh Pourquoi tu streams ptdr,1
eh Ce jeu est incroyable 🤡,0
ptdr C'est trop bien ce que tu fais 💀,0
eh Mais joue correctement sérieux,1
franchement Retourne t'entraîner mdr,1
wesh C'est catastrophique 🤡,1
franchement Même ma grand-mère joue mieux 💀,1
franchement T'es mauvais ptdr,1
franchement La strat est bonne 😭,0
ptdr J'adore ce jeu 😭,0
Quel stream de merde 🤡,1
wesh Bien joué le move mdr,0
eh Tu joues depuis combien de temps ?,0
Continue comme ça sérieux,0
wesh Ferme ta gueule 💀,1
lol Incroyable ce clutch sérieux,0
Nice play lol,0
franchement T'es nul ptdr,1
wesh Quelle purge sérieux,1
wesh Ça fait pitié 💀,1
non mais Force à toi ptdr,0
non mais C'est catastrophique sérieux,1
mdr Quel malaise mdr,1
wesh T'es un gros con ptdr,1
franchement Force à toi 🤡,0
Personne t'aime ici ptdr,1
wesh GG bien joué 😭,0
wesh Continue le grind ptdr,0
Super stream aujourd'hui,0
franchement T'es à la ramasse sérieux,1
wesh Quel malaise,1
non mais T'es à la ramasse 😭,1
ptdr Bonsoir à tous 😭,0
lol T'es pathétique,1
non mais Bonne soirée le chat mdr,0
non mais T'es ridicule 😭,1
Hâte de voir la suite 😭,0
lol Retourne t'entraîner 🤡,1
mdr T'es à la ramasse 😭,1
wesh Salut tout le monde 💀,0
lol J'adore ce jeu sérieux,0
non mais Quel malaise,1
ptdr T'es gênant lol,1
ptdr Dégage de Twitch mdr,1
mdr Bonsoir à tous 💀,0
Arrête de stream,1
mdr Franchement respect sérieux,0
franchement T'es éclaté lol,1
Super stream aujourd'hui 🤡,0
lol J'en peux plus de te voir mdr,1
C'est insupportable ptdr,1
lol Bonsoir à tous sérieux,0
franchement Arrête de stream 🤡,1
ptdr J'aime bien ton style de jeu 💀,0
franchement T'es mauvais 💀,1
Même ma grand-mère joue mieux sérieux,1
wesh Merci pour le contenu 🤡,0
lol T'es pathétique ptdr,1
ptdr Trop fort sérieux,0
mdr T'es gênant,1
wesh T'es ridicule 😭,1
Ferme-la sérieux,1
eh Mais joue correctement lol,1
eh Ferme ta gueule 💀,1
lol Let's goooo sérieux,0
wesh C'est insupportable,1
wesh Retourne apprendre à jouer,1
non mais Ça clutch fort sérieux,0
non mais Salut tout le monde 🤡,0
mdr On s'ennuie à mort mdr,1
eh Continue comme ça,0
eh J'adore ce jeu lol,0
wesh Quel clutch 😭,0
non mais J'en peux plus de te voir mdr,1
franchement T'es éclaté 💀,1
eh Bonne soirée le chat lol,0
lol Ça fait plaisir à regarder lol,0
non mais Super stream aujourd'hui 🤡,0
eh GG bien joué lol,0
wesh Quel clutch,0
Trop clean ptdr,0
non mais Let's goooo 🤡,0
franchement GG bien joué ptdr,0
mdr Mais joue correctement 💀,1
mdr Retourne apprendre à jouer sérieux,1
lol Ça fait pitié ptdr,1
lol J'aime bien ton style de jeu ptdr,0
mdr Supprime ta chaîne ptdr,1
ptdr Dégage de Twitch 💀,1
mdr T'es à la ramasse lol,1
wesh Bien joué le move lol,0
eh Très bonne ambiance ici mdr,0
La strat est bonne 🤡,0
non mais Arrête le stream 😭,1
ptdr Retourne apprendre à jouer 💀,1
lol Hâte de voir la suite ptdr,0
ptdr GG sérieux,0
lol Niveau zéro lol,1
ptdr La strat est bonne mdr,0
non mais GG bien joué 🤡,0
franchement Ferme ta gueule ptdr,1
lol T'as un niveau éclaté ptdr,1
eh C'est catastrophique 😭,1
wesh T'es nul ptdr,1
Continue comme ça ptdr,0
franchement Salut le chat lol,0
wesh T'es éclaté,1
franchement Bonne soirée le chat sérieux,0
lol Supprime ta chaîne ptdr,1
Arrête le stream sérieux,1
mdr C'est trop bien ce que tu fais sérieux,0
wesh Continue comme ça lol,0
eh Personne t'aime ici lol,1
franchement Tu fais n'importe quoi 🤡,1
mdr Respect pour le niveau mdr,0
ptdr C'était une belle game 🤡,0
mdr Ferme-la mdr,1
lol Bonne chance pour la suite lol,0
franchement Niveau zéro 💀,1
mdr Merci pour le stream mdr,0
mdr T'es ridicule lol,1
ptdr Ça régale mdr,0
franchement Tu fais n'importe quoi mdr,1
non mais C'est trop bien ce que tu fais mdr,0
eh Tu fais n'importe quoi 😭,1
lol Mais joue correctement mdr,1
lol C'est de la merde 🤡,1
non mais Respect pour le niveau lol,0
non mais Ça clutch fort 💀,0
eh Quel stream de merde sérieux,1
Change de jeu t'es nul 🤡,1
non mais Apprends à jouer mdr,1
ptdr T'es une honte lol,1
ptdr Tu fais n'importe quoi 😭,1
wesh J'en peux plus de te voir,1
Merci pour le stream mdr,0
wesh Ferme ta gueule mdr,1
franchement Ça régale lol,0
franchement Ça clutch fort mdr,0
eh Personne t'aime ici 💀,1
non mais Ferme ta gueule 🤡,1
mdr Tu gères lol,0
Ça régale ptdr,0
non mais T'es une honte ptdr,1
non mais Merci pour le stream sérieux,0
mdr Bonne soirée le chat 😭,0
wesh Merci pour le contenu 😭,0
mdr Tu gères lol,0
franchement J'en peux plus de te voir mdr,1
ptdr Merci pour le contenu mdr,0
eh C'est nul à chier 😭,1
wesh Ferme ta gueule 😭,1
eh Quel malaise ptdr,1
Force à toi ptdr,0
ptdr Trop fort sérieux,0
Ça régale 🤡,0
ptdr Merci pour le stream 🤡,0
non mais Bon courage mdr,0
non mais Bon courage ptdr,0
lol J'adore ce jeu,0
mdr GG bien joué 😭,0
wesh Ça fait pitié sérieux,1
non mais Salut le chat,0
ptdr T'es mauvais lol,1
T'as un niveau éclaté,1
wesh Quelle purge 🤡,1
non mais C'est de la merde mdr,1
eh Bon courage mdr,0
non mais T'as aucun talent 💀,1
ptdr Ferme ta gueule ptdr,1
wesh Salut tout le monde lol,0
ptdr J'en peux plus de te voir 🤡,1
non mais Retourne t'entraîner 😭,1
lol Propre,0
wesh T'es ridicule ptdr,1
non mais Bonne chance pour la suite mdr,0
franchement Continue le grind,0
mdr Propre 😭,0
ptdr Retourne apprendre à jouer mdr,1
franchement T'es un gros con lol,1
eh Tu gères,0
eh Pourquoi tu streams 💀,1
mdr Supprime ta chaîne mdr,1
mdr Bonne soirée le chat 🤡,0
mdr C'est catastrophique 💀,1
ptdr Ferme ta gueule 💀,1
Ça régale mdr,0
franchement T'as un niveau éclaté 😭,1
Masterclass sérieux,0
wesh T'es mauvais lol,1
franchement Bien vu ptdr,0
mdr Nice play 😭,0
non mais Arrête de stream 💀,1
wesh Très bonne ambiance ici 🤡,0
ptdr T'as un niveau éclaté sérieux,1
non mais J'en peux plus de te voir mdr,1
wesh T'es pathétique 😭,1
mdr Retourne apprendre à jouer 💀,1
ptdr Quel clutch,0
ptdr Franchement respect 🤡,0
wesh Ferme-la ptdr,1
ptdr Quel stream de merde 💀,1
ptdr T'es ridicule,1
non mais C'est nul à chier 💀,1
lol C'est insupportable sérieux,1
franchement Respect pour le niveau mdr,0
eh J'en peux plus de te voir ptdr,1
ptdr Ce jeu est incroyable sérieux,0
mdr T'es pathétique 🤡,1
mdr T'es vraiment nul 🤡,1
eh J'aime bien ton style de jeu 💀,0
wesh T'es ridicule,1
ptdr Merci pour le contenu,0
ptdr Continue comme ça mdr,0
franchement C'est catastrophique 😭,1
wesh Bonne chance pour la suite 💀,0
franchement Ce jeu est incroyable mdr,0
franchement Même ma grand-mère joue mieux 🤡,1
Pourquoi tu streams 🤡,1
Ferme ta gueule 😭,1
non mais Hâte de voir la suite 💀,0
wesh Très bonne ambiance ici sérieux,0
mdr C'est catastrophique 💀,1
mdr Respect pour le niveau 🤡,0
Force à toi 🤡,0
non mais J'en peux plus de te voir 😭,1
Tu fais n'importe quoi sérieux,1
franchement GG 🤡,0
non mais Trop clean ptdr,0
Ferme-la mdr,1
franchement Continue le grind ptdr,0
franchement Dégage de Twitch sérieux,1
ptdr T'es éclaté 😭,1
wesh Personne t'aime ici sérieux,1
franchement Ça régale ptdr,0
non mais GG 😭,0
mdr Retourne t'entraîner mdr,1
ptdr Continue comme ça mdr,0
franchement Ça régale lol,0
non mais Va te faire foutre lol,1
mdr Ferme-la 💀,1
wesh Tu fais n'importe quoi mdr,1
C'était une belle game 🤡,0
T'es un gros con lol,1
mdr Bonne chance pour la suite 🤡,0
T'es pathétique 😭,1
eh Hâte de voir la suite mdr,0
eh Bonsoir à tous sérieux,0
lol Bien vu 😭,0
wesh Ça clutch fort lol,0
eh Propre,0
eh Quel est ton setup ? mdr,0
franchement Trop clean 🤡,0
ptdr Bonsoir à tous 🤡,0
non mais J'aime bien ton style de jeu,0
ptdr Nice play ptdr,0
mdr GG 🤡,0
eh J'aime bien ton style de jeu sérieux,0
ptdr Merci pour le contenu sérieux,0
Bonne soirée le chat lol,0
wesh GG lol,0
lol C'est insupportable lol,1
Retourne t'entraîner 💀,1
non mais Bien joué le move 😭,0
ptdr J'en peux plus de te voir 🤡,1
ptdr Bien joué le move lol,0
non mais Va te faire foutre 😭,1
Merci pour le stream 🤡,0
Retourne apprendre à jouer mdr,1
eh Ce jeu est incroyable sérieux,0
Niveau zéro,1
eh Ça fait pitié 💀,1
eh T'es une honte 🤡,1
wesh Bien vu mdr,0
franchement Ça clutch fort 💀,0
eh Supprime ta chaîne lol,1
non mais Merci pour le contenu mdr,0
franchement T'es gênant 💀,1
ptdr Même ma grand-mère joue mieux,1
franchement Ça fait pitié 💀,1
wesh T'as aucun talent mdr,1
franchement Hâte de voir la suite ptdr,0
mdr T'es à la ramasse,1
non mais La strat est bonne lol,0
Ferme ta gueule 😭,1
franchement J'aime bien ton style de jeu,0
lol C'est trop bien ce que tu fais sérieux,0
Quel est ton setup ? 💀,0
lol T'as un niveau éclaté sérieux,1
ptdr T'es chaud aujourd'hui ptdr,0
lol Bonne chance pour la suite 😭,0
lol Salut tout le monde,0
T'es gênant 💀,1
wesh Salut le chat 💀,0
lol Niveau zéro ptdr,1
lol C'était une belle game sérieux,0
mdr Nice play,0
ptdr Merci pour le stream ptdr,0
eh Trop fort lol,0
mdr Ferme ta gueule sérieux,1
mdr Même ma grand-mère joue mieux mdr,1
franchement Yo sérieux,0
franchement T'es nul lol,1
franchement Bon courage 💀,0
non mais T'es à la ramasse 🤡,1
mdr Propre sérieux,0
eh Trop fort lol,0
Ça régale,0
ptdr Quel stream de merde sérieux,1
Quel malaise ptdr,1
eh J'en peux plus de te voir sérieux,1
lol Quel est ton setup ? 😭,0
wesh Ferme ta gueule 🤡,1
mdr Bonne soirée le chat ptdr,0
ptdr GG 💀,0
non mais Bonne soirée le chat 💀,0
non mais Change de jeu t'es nul ptdr,1
Bien vu 💀,0
non mais T'es nul lol,1
franchement Merci pour le contenu mdr,0
wesh C'est catastrophique 🤡,1
franchement T'es gênant lol,1
wesh Bien joué le move sérieux,0
Yo 😭,0
mdr La strat est bonne mdr,0
franchement Bien joué le move mdr,0
ptdr Personne t'aime ici 🤡,1
Tu joues depuis combien de temps ? ptdr,0
mdr Quel malaise ptdr,1
mdr Va te faire foutre,1
eh Yo mdr,0
T'es pathétique ptdr,1
lol Ça joue bien 😭,0
C'est nul à chier,1
eh Supprime ta chaîne 💀,1
ptdr Quelle purge 💀,1
wesh Merci pour le stream sérieux,0
wesh Continue comme ça mdr,0
non mais Ça fait pitié ptdr,1
ptdr T'es mauvais lol,1
wesh Ferme-la,1
lol Quelle purge ptdr,1
ptdr J'aime bien ton style de jeu ptdr,0
wesh Niveau zéro 😭,1
eh C'est nul à chier ptdr,1
mdr Continue le grind lol,0
franchement Mais joue correctement mdr,1
eh Supprime ta chaîne 💀,1
franchement Ce jeu est incroyable,0
eh GG bien joué sérieux,0
Ça clutch fort mdr,0
lol C'est insupportable 💀,1
eh T'es mauvais ptdr,1
non mais Tu joues depuis combien de temps ? lol,0
mdr GG bien joué sérieux,0
eh Même ma grand-mère joue mieux 🤡,1
eh T'as un niveau éclaté sérieux,1
Salut le chat 🤡,0
ptdr C'est trop bien ce que tu fais 💀,0
non mais Yo 🤡,0
lol T'as aucun talent mdr,1
ptdr Retourne t'entraîner sérieux,1
franchement Mais joue correctement ptdr,1
eh Pourquoi tu streams 😭,1
franchement Arrête de stream,1
non mais Très bonne ambiance ici lol,0
wesh T'as aucun talent 🤡,1
eh Ferme-la 💀,1
Quel stream de merde 💀,1
eh T'es vraiment nul ptdr,1
Ça régale 🤡,0
non mais T'es vraiment nul 🤡,1
wesh GG bien joué 💀,0
non mais T'es pathétique sérieux,1
lol Hâte de voir la suite sérieux,0
Force à toi 😭,0
franchement Franchement respect 💀,0
franchement Ferme ta gueule ptdr,1
wesh Continue le grind mdr,0
mdr Bien joué le move mdr,0
wesh Continue comme ça 🤡,0
franchement Salut le chat 💀,0
lol T'es pathétique 😭,1
wesh Très bonne ambiance ici 🤡,0
lol Ça clutch fort mdr,0
eh Quel malaise mdr,1
eh Ferme ta gueule 😭,1
lol Yo ptdr,0
non mais Dégage de Twitch ptdr,1
eh GG 💀,0
eh J'adore ce jeu ptdr,0
ptdr Respect pour le niveau sérieux,0
eh Va te faire foutre sérieux,1
lol Quel clutch,0
mdr C'était une belle game 😭,0
eh Retourne apprendre à jouer mdr,1
ptdr Arrête le stream ptdr,1
non mais Tu gères sérieux,0
franchement Incroyable ce clutch mdr,0
mdr Tu gères mdr,0
ptdr Salut le chat lol,0
non mais Quel malaise,1
franchement Va te faire foutre mdr,1
wesh Arrête le stream ptdr,1
franchement Dégage de Twitch 💀,1
mdr Merci pour le contenu 🤡,0
eh Quel clutch,0
mdr Très bonne ambiance ici ptdr,0
franchement Ferme ta gueule mdr,1
mdr Nice play ptdr,0
Bonne chance pour la suite 😭,0
franchement Tu gères lol,0
wesh Retourne apprendre à jouer 🤡,1
franchement T'es gênant sérieux,1
eh Incroyable ce clutch sérieux,0
ptdr Même ma grand-mère joue mieux 🤡,1
mdr Hâte de voir la suite lol,0
non mais J'aime bien ton style de jeu 💀,0
non mais Bonsoir à tous 💀,0
wesh Let's goooo mdr,0
franchement Ce jeu est incroyable mdr,0
franchement Ça fait pitié mdr,1
lol Merci pour le stream 😭,0
franchement T'es chaud aujourd'hui,0
eh Tu fais n'importe quoi lol,1
mdr Let's goooo mdr,0
T'es éclaté lol,1
franchement Change de jeu t'es nul mdr,1
mdr T'es à la ramasse 💀,1
ptdr Bonne chance pour la suite 💀,0
ptdr Change de jeu t'es nul,1
mdr Bon courage 🤡,0
mdr Ça clutch fort lol,0
franchement Bonsoir à tous,0
non mais Quelle purge ptdr,1
franchement Salut tout le monde 💀,0
franchement Bon courage ptdr,0
non mais Tu joues depuis combien de temps ? lol,0
non mais Merci pour le stream ptdr,0
mdr Ça clutch fort 💀,0
lol Trop fort mdr,0
franchement Ça régale 🤡,0
wesh Retourne t'entraîner 😭,1
non mais Ce jeu est incroyable,0
T'es un gros con ptdr,1
lol Mais joue correctement 💀,1
eh T'es éclaté mdr,1
Pourquoi tu streams 🤡,1
Personne t'aime ici 😭,1
eh Let's goooo 🤡,0
wesh Change de jeu t'es nul ptdr,1
eh Change de jeu t'es nul ptdr,1
mdr Propre 🤡,0
Apprends à jouer ptdr,1
Dégage de Twitch sérieux,1
eh Pourquoi tu streams 😭,1
Apprends à jouer mdr,1
Ça régale sérieux,0
wesh GG bien joué ptdr,0
lol T'es ridicule 😭,1
mdr Franchement respect ptdr,0
ptdr Bonne chance pour la suite mdr,0
T'es vraiment nul 💀,1
franchement Ça fait plaisir à regarder sérieux,0
lol Ça régale 😭,0
ptdr Bonsoir à tous ptdr,0
lol Va te faire foutre ptdr,1
lol La strat est bonne 😭,0
T'es un gros con,1
non mais Mais joue correctement sérieux,1
lol C'était une belle game sérieux,0
franchement Bien joué le move ptdr,0
non mais C'est insupportable mdr,1
franchement Propre lol,0
eh Merci pour le contenu 😭,0
T'es ridicule lol,1
Arrête de stream,1
non mais Super stream aujourd'hui lol,0
lol Personne t'aime ici 🤡,1
eh Tu gères sérieux,0
mdr Apprends à jouer 😭,1
ptdr Change de jeu t'es nul 🤡,1
wesh T'es à la ramasse sérieux,1
wesh Bonne soirée le chat lol,0
ptdr Quel malaise 💀,1
non mais T'es gênant 🤡,1
wesh Personne t'aime ici lol,1
franchement Change de jeu t'es nul sérieux,1
ptdr Dégage de Twitch 💀,1
mdr J'aime bien ton style de jeu 💀,0
mdr Salut tout le monde,0
wesh Continue le grind lol,0
eh C'est insupportable sérieux,1
wesh Ça fait pitié 😭,1
wesh Va te faire foutre,1
wesh Tu gères lol,0
On s'ennuie à mort 🤡,1
non mais Arrête le stream 😭,1
non mais Quelle purge mdr,1
mdr Merci pour le stream 💀,0
lol Tu joues depuis combien de temps ? 💀,0
wesh Tu joues depuis combien de temps ? 😭,0
mdr C'est trop bien ce que tu fais 😭,0
lol Bonne soirée le chat mdr,0
mdr Change de jeu t'es nul 🤡,1
ptdr Super stream aujourd'hui 😭,0
eh T'es chaud aujourd'hui 💀,0
mdr T'es chaud aujourd'hui lol,0
Force à toi sérieux,0
Respect pour le niveau sérieux,0
Quel stream de merde lol,1
La strat est bonne lol,0
ptdr Arrête le stream 💀,1
T'es nul lol,1
T'es éclaté mdr,1
wesh J'adore ce jeu sérieux,0
ptdr Tu joues depuis combien de temps ? 💀,0
lol Tu fais n'importe quoi,1
non mais Retourne t'entraîner,1
eh Propre mdr,0
wesh Ce jeu est incroyable mdr,0
J'en peux plus de te voir 😭,1
franchement C'était une belle game 💀,0
franchement Arrête le stream lol,1
ptdr T'es à la ramasse lol,1
non mais Nice play ptdr,0
franchement Propre ptdr,0
lol Même ma grand-mère joue mieux 🤡,1
non mais C'est catastrophique 💀,1
lol Retourne apprendre à jouer 🤡,1
Tu gères ptdr,0
mdr T'as un niveau éclaté sérieux,1
lol Mais joue correctement 😭,1
eh Arrête le stream lol,1
mdr Propre sérieux,0
mdr C'est nul à chier 💀,1
mdr Continue le grind mdr,0
wesh Ferme-la,1
eh Bon courage 🤡,0
ptdr C'est catastrophique 😭,1
eh Tu joues depuis combien de temps ? 🤡,0
mdr Quelle purge 😭,1
franchement T'as aucun talent lol,1
Hâte de voir la suite sérieux,0
lol Salut le chat 😭,0
lol C'est nul à chier sérieux,1
wesh T'as un niveau éclaté 😭,1
wesh Respect pour le niveau 😭,0
franchement J'aime bien ton style de jeu 💀,0
T'es chaud aujourd'hui 💀,0
lol C'est insupportable,1
mdr Ça joue bien mdr,0
franchement Nice play 😭,0
eh Respect pour le niveau lol,0
ptdr T'es éclaté 😭,1
wesh Ça fait pitié 💀,1
wesh Retourne apprendre à jouer ptdr,1
ptdr T'es éclaté,1
franchement Salut tout le monde 💀,0
mdr J'en peux plus de te voir mdr,1
mdr J'en peux plus de te voir sérieux,1
lol Super stream aujourd'hui 🤡,0
ptdr Supprime ta chaîne,1
franchement On s'ennuie à mort sérieux,1
wesh Respect pour le niveau 🤡,0
mdr Quel stream de merde 💀,1
lol Incroyable ce clutch lol,0
lol Va te faire foutre 💀,1
lol Salut tout le monde mdr,0
ptdr Let's goooo 💀,0
mdr Super stream aujourd'hui mdr,0
mdr Respect pour le niveau sérieux,0
ptdr Pourquoi tu streams lol,1
eh Ferme ta gueule,1
eh Tu gères lol,0
non mais Mais joue correctement lol,1
franchement Bonsoir à tous,0
eh On s'ennuie à mort mdr,1
lol Tu joues depuis combien de temps ? ptdr,0
ptdr Bon courage lol,0
lol Mais joue correctement 😭,1
non mais Merci pour le stream 🤡,0
mdr J'en peux plus de te voir 💀,1
ptdr Hâte de voir la suite 💀,0
ptdr Ferme ta gueule 😭,1
franchement Ce jeu est incroyable sérieux,0
lol Salut tout le monde mdr,0
non mais T'es un gros con lol,1
non mais Va te faire foutre mdr,1
Yo ptdr,0
Ferme ta gueule mdr,1
non mais Ça fait plaisir à regarder lol,0
Tu joues depuis combien de temps ? 💀,0
wesh Tu fais n'importe quoi lol,1
lol Respect pour le niveau 🤡,0
mdr T'es ridicule sérieux,1
mdr Ça fait pitié 😭,1
eh T'es mauvais 🤡,1
mdr Très bonne ambiance ici 😭,0
franchement Salut tout le monde 💀,0
non mais Trop clean 🤡,0
mdr Retourne apprendre à jouer 🤡,1
eh Incroyable ce clutch ptdr,0
ptdr Quel clutch 💀,0
eh T'as un niveau éclaté 🤡,1
ptdr Ferme-la mdr,1
mdr Salut le chat,0
Let's goooo 💀,0
non mais C'est trop bien ce que tu fais sérieux,0
franchement T'es vraiment nul 🤡,1
T'es pathétique mdr,1
mdr Va te faire foutre,1
Dégage de Twitch sérieux,1
eh Arrête de stream 💀,1
mdr Ce jeu est incroyable ptdr,0
lol Arrête de stream mdr,1
ptdr C'est insupportable 💀,1
lol T'es chaud aujourd'hui mdr,0
lol T'es ridicule 😭,1
non mais T'es éclaté,1
T'as aucun talent,1
lol Arrête de stream,1
eh T'es un gros con sérieux,1
Personne t'aime ici mdr,1
franchement Ça joue bien lol,0
non mais T'es ridicule 🤡,1
lol Tu fais n'importe quoi 🤡,1
franchement GG bien joué,0
Trop fort 🤡,0
non mais C'est nul à chier 😭,1
non mais Apprends à jouer sérieux,1
non mais J'aime bien ton style de jeu lol,0
eh La strat est bonne,0
franchement C'est catastrophique sérieux,1
non mais C'est catastrophique 😭,1
eh Bien vu lol,0
franchement Ça joue bien 💀,0
mdr Franchement respect 💀,0
mdr Ferme ta gueule ptdr,1
T'es à la ramasse 🤡,1
wesh Hâte de voir la suite 🤡,0
franchement T'es pathétique 💀,1
franchement T'es éclaté 😭,1
eh Retourne apprendre à jouer,1
eh Change de jeu t'es nul lol,1
franchement C'était une belle game 🤡,0
non mais Retourne apprendre à jouer 💀,1
franchement T'as aucun talent 🤡,1
Bonne chance pour la suite 💀,0
ptdr Arrête le stream,1
non mais Ferme-la 🤡,1
lol Continue comme ça mdr,0
ptdr J'en peux plus de te voir 💀,1
ptdr Salut le chat sérieux,0
franchement T'es mauvais 💀,1
lol Super stream aujourd'hui lol,0
eh Continue comme ça lol,0
lol Incroyable ce clutch mdr,0
wesh Arrête le stream sérieux,1
non mais Nice play mdr,0
ptdr Quel est ton setup ? 🤡,0
Ce jeu est incroyable,0
ptdr Continue comme ça 😭,0
franchement T'as aucun talent mdr,1
lol Ferme-la 💀,1
wesh T'es éclaté,1
lol Quel est ton setup ? 😭,0
lol Hâte de voir la suite ptdr,0
lol Bien vu,0
lol Quelle purge mdr,1
lol Force à toi 🤡,0
mdr Bonne soirée le chat ptdr,0
non mais J'aime bien ton style de jeu,0
wesh Force à toi 🤡,0
franchement T'es une honte sérieux,1
non mais Personne t'aime ici 🤡,1
ptdr T'es éclaté 🤡,1
lol Ce jeu est incroyable 🤡,0
eh On s'ennuie à mort lol,1
eh Franchement respect 💀,0
non mais T'es un gros con sérieux,1
mdr Bonne soirée le chat 🤡,0
Trop fort lol,0
lol Respect pour le niveau lol,0
Pourquoi tu streams ptdr,1
non mais T'es chaud aujourd'hui lol,0
wesh T'es pathétique sérieux,1
franchement Dégage de Twitch sérieux,1
eh C'est nul à chier ptdr,1
eh Bien joué le move 💀,0
non mais GG bien joué lol,0
ptdr Ferme-la 💀,1
lol Supprime ta chaîne mdr,1
eh Trop fort 😭,0
lol Bonne soirée le chat mdr,0
mdr Merci pour le stream,0
ptdr On s'ennuie à mort 😭,1
lol Bonne chance pour la suite lol,0
eh Bonne chance pour la suite 😭,0
Hâte de voir la suite,0
wesh Bonne chance pour la suite 💀,0
eh Arrête de stream 😭,1
wesh Quel clutch ptdr,0
Ça clutch fort 💀,0
eh Ce jeu est incroyable 😭,0
wesh Quelle purge 😭,1
mdr T'es gênant lol,1
mdr Propre ptdr,0
franchement La strat est bonne ptdr,0
wesh Ça régale 💀,0
wesh J'en peux plus de te voir 🤡,1
wesh Super stream aujourd'hui ptdr,0
eh C'est catastrophique mdr,1
GG bien joué,0
ptdr Tu fais n'importe quoi sérieux,1
eh T'es une honte,1
eh Ferme-la 😭,1
eh Ce jeu est incroyable mdr,0
mdr T'es un gros con 😭,1
eh Ferme-la sérieux,1
ptdr Retourne t'entraîner mdr,1
wesh T'es nul 💀,1
wesh Ça clutch fort 💀,0
mdr Ça régale lol,0
eh T'es vraiment nul lol,1
franchement Bon courage 💀,0
eh Continue le grind 😭,0
T'es chaud aujourd'hui sérieux,0
mdr T'es éclaté sérieux,1
ptdr T'es à la ramasse 💀,1
ptdr Hâte de voir la suite 🤡,0
mdr Quel stream de merde 🤡,1
franchement Ferme ta gueule mdr,1
eh T'es nul,1
franchement T'as aucun talent 😭,1
mdr Continue le grind sérieux,0
lol T'as un niveau éclaté lol,1
ptdr Tu gères mdr,0
mdr Bonne chance pour la suite mdr,0
eh Va te faire foutre 😭,1
C'est catastrophique ptdr,1
Force à toi sérieux,0
Quel est ton setup ? 🤡,0
eh Continue le grind ptdr,0
mdr Franchement respect,0
non mais Ferme ta gueule sérieux,1
lol Respect pour le niveau 🤡,0
GG bien joué 😭,0
franchement Quel clutch 🤡,0
non mais Continue comme ça ptdr,0
ptdr T'es une honte lol,1
lol Pourquoi tu streams ptdr,1
J'aime bien ton style de jeu sérieux,0
mdr Supprime ta chaîne 🤡,1
wesh T'as un niveau éclaté mdr,1
lol Bon courage 🤡,0
wesh Ferme-la,1
lol T'es mauvais 💀,1
franchement Arrête le stream 🤡,1
mdr GG lol,0
lol Continue le grind lol,0
On s'ennuie à mort lol,1
wesh Ça fait plaisir à regarder sérieux,0
lol Ça joue bien,0
ptdr Tu joues depuis combien de temps ? ptdr,0
ptdr On s'ennuie à mort sérieux,1
franchement Quel stream de merde mdr,1
lol T'es éclaté 😭,1
lol T'as un niveau éclaté 🤡,1
mdr T'es chaud aujourd'hui 😭,0
non mais Tu joues depuis combien de temps ? mdr,0
eh Incroyable ce clutch,0
lol T'es à la ramasse ptdr,1
C'est insupportable 😭,1
wesh Quel stream de merde mdr,1
franchement Super stream aujourd'hui sérieux,0
eh GG 🤡,0
wesh Continue comme ça 😭,0
T'es gênant,1
mdr T'es gênant 💀,1
non mais Salut tout le monde 😭,0
mdr T'es pathétique 🤡,1
ptdr Mais joue correctement ptdr,1
wesh Très bonne ambiance ici 💀,0
lol Retourne apprendre à jouer 😭,1
lol T'es un gros con sérieux,1
wesh Change de jeu t'es nul,1
Change de jeu t'es nul 🤡,1
Trop clean mdr,0
ptdr Ferme ta gueule 💀,1
eh Mais joue correctement 💀,1
mdr C'est de la merde sérieux,1
lol C'est catastrophique 😭,1
wesh Merci pour le contenu 🤡,0
wesh Tu joues depuis combien de temps ? ptdr,0
non mais On s'ennuie à mort,1
lol C'est nul à chier ptdr,1
franchement T'es nul mdr,1
lol C'est de la merde 😭,1
ptdr J'adore ce jeu sérieux,0
lol Bonne soirée le chat sérieux,0
Pourquoi tu streams mdr,1
non mais Tu joues depuis combien de temps ? mdr,0
franchement Retourne t'entraîner 🤡,1
mdr T'es pathétique 💀,1
eh C'est nul à chier lol,1
wesh Bonne chance pour la suite 😭,0
Propre 💀,0
franchement Change de jeu t'es nul,1
ptdr Hâte de voir la suite ptdr,0
lol La strat est bonne lol,0
non mais Ça régale 😭,0
mdr Supprime ta chaîne 😭,1
lol Yo ptdr,0
mdr J'adore ce jeu sérieux,0
lol T'es à la ramasse 💀,1
non mais Tu fais n'importe quoi 💀,1
non mais Ça fait plaisir à regarder lol,0
wesh T'as un niveau éclaté 💀,1
eh Retourne t'entraîner 🤡,1
mdr Bonne soirée le chat lol,0
wesh Ça joue bien 💀,0
mdr T'as aucun talent 🤡,1
non mais Quel est ton setup ? lol,0
ptdr T'as un niveau éclaté 😭,1
non mais Supprime ta chaîne,1
mdr Niveau zéro sérieux,1
eh C'est trop bien ce que tu fais ptdr,0
wesh Bonne chance pour la suite 💀,0
mdr Quel stream de merde mdr,1
non mais Incroyable ce clutch lol,0
mdr T'es pathétique ptdr,1
eh Ça fait plaisir à regarder sérieux,0
ptdr T'es gênant sérieux,1
lol T'es chaud aujourd'hui lol,0
Bon courage,0
wesh Quel stream de merde 🤡,1
lol Merci pour le stream 🤡,0
mdr T'es pathétique,1
mdr Niveau zéro 💀,1
ptdr Bon courage 🤡,0
eh C'était une belle game,0
wesh J'adore ce jeu,0
eh Tu fais n'importe quoi lol,1
ptdr Arrête de stream sérieux,1
wesh Très bonne ambiance ici mdr,0
eh T'es mauvais,1
franchement T'es pathétique lol,1
mdr On s'ennuie à mort 😭,1
Va te faire foutre mdr,1
lol Ça fait pitié 💀,1
lol Nice play 🤡,0
lol Ça régale 🤡,0
non mais Change de jeu t'es nul ptdr,1
franchement T'es une honte 🤡,1
eh Dégage de Twitch 💀,1
wesh Bonne chance pour la suite,0
wesh T'as un niveau éclaté mdr,1
wesh Quel clutch 🤡,0
wesh Propre,0
Ça joue bien,0
Let's goooo lol,0
lol Quel malaise 🤡,1
mdr Ferme-la,1
Tu fais n'importe quoi ptdr,1
franchement GG 😭,0
non mais Yo lol,0
eh Va te faire foutre sérieux,1
non mais Arrête de stream,1
mdr Quel clutch,0
ptdr T'es nul 💀,1
mdr GG bien joué 😭,0
wesh T'es à la ramasse lol,1
ptdr Nice play,0
wesh T'es nul mdr,1
franchement GG 🤡,0
mdr T'es nul lol,1
wesh J'adore ce jeu 😭,0
wesh Arrête le stream mdr,1
non mais T'es vraiment nul lol,1
wesh Niveau zéro sérieux,1
mdr Personne t'aime ici lol,1
eh Quelle purge 💀,1
eh Retourne t'entraîner lol,1
mdr Incroyable ce clutch 😭,0
mdr C'est nul à chier 😭,1
mdr Ferme ta gueule mdr,1
franchement J'adore ce jeu sérieux,0
franchement Retourne apprendre à jouer mdr,1
non mais Let's goooo lol,0
mdr Ça clutch fort lol,0
ptdr Tu fais n'importe quoi,1
eh GG lol,0
eh Ça régale 💀,0
lol Pourquoi tu streams ptdr,1
wesh Respect pour le niveau,0
franchement Très bonne ambiance ici ptdr,0
mdr On s'ennuie à mort 💀,1
wesh Ferme ta gueule ptdr,1
lol Trop fort mdr,0
eh Force à toi ptdr,0
mdr Salut tout le monde mdr,0
T'es une honte mdr,1
wesh Ça régale lol,0
mdr Ça régale ptdr,0
eh Arrête de stream ptdr,1
lol Merci pour le stream 😭,0
eh Tu fais n'importe quoi 💀,1
non mais Let's goooo 💀,0
eh T'es pathétique,1
eh Tu fais n'importe quoi sérieux,1
mdr Ferme-la sérieux,1
mdr Ferme ta gueule ptdr,1
mdr Retourne apprendre à jouer 💀,1
franchement Bonne soirée le chat 💀,0
ptdr Personne t'aime ici sérieux,1
ptdr T'es nul,1
wesh Ça fait plaisir à regarder ptdr,0
mdr Personne t'aime ici ptdr,1
non mais Niveau zéro ptdr,1
lol T'es pathétique lol,1
ptdr Continue le grind 💀,0
franchement T'es vraiment nul 😭,1
mdr Même ma grand-mère joue mieux ptdr,1
franchement Va te faire foutre sérieux,1
mdr Trop clean,0
lol J'aime bien ton style de jeu,0
lol T'es à la ramasse sérieux,1
Ça fait plaisir à regarder mdr,0
lol Super stream aujourd'hui mdr,0
Niveau zéro ptdr,1
non mais Continue le grind lol,0
eh Supprime ta chaîne sérieux,1
non mais Nice play 🤡,0
Change de jeu t'es nul lol,1
T'es gênant 😭,1
eh Quel est ton setup ? lol,0
eh Continue le grind 💀,0
non mais Super stream aujourd'hui 🤡,0
eh Merci pour le contenu lol,0
wesh J'adore ce jeu 😭,0
mdr Quel est ton setup ?,0
eh Personne t'aime ici 🤡,1
ptdr T'es nul,1
ptdr T'as un niveau éclaté 🤡,1
non mais Quel est ton setup ? mdr,0
franchement C'est catastrophique ptdr,1
ptdr Arrête de stream 💀,1
Quel stream de merde ptdr,1
mdr Quel malaise 😭,1
wesh T'as aucun talent 💀,1
Ferme-la,1
ptdr Retourne apprendre à jouer,1
non mais Apprends à jouer 😭,1
franchement Retourne apprendre à jouer,1
franchement Retourne t'entraîner ptdr,1
franchement Change de jeu t'es nul 💀,1
Bonsoir à tous lol,0
mdr T'es chaud aujourd'hui sérieux,0
eh Ça fait pitié 🤡,1
lol Arrête le stream 😭,1
eh Respect pour le niveau 🤡,0
mdr Tu gères 💀,0
non mais C'est trop bien ce que tu fais 🤡,0
C'est trop bien ce que tu fais 😭,0
ptdr Retourne apprendre à jouer ptdr,1
wesh Quelle purge lol,1
non mais Retourne t'entraîner ptdr,1
eh T'es ridicule,1
non mais Ferme-la sérieux,1
Pourquoi tu streams 💀,1
wesh Salut tout le monde 🤡,0
mdr Ça fait pitié 🤡,1
ptdr La strat est bonne lol,0
non mais Hâte de voir la suite sérieux,0
mdr Bonsoir à tous 💀,0
eh T'es à la ramasse 💀,1
franchement Ça joue bien 😭,0
wesh Même ma grand-mère joue mieux 🤡,1
ptdr Dégage de Twitch ptdr,1
lol Quelle purge,1
eh C'est nul à chier 💀,1
franchement Quel clutch sérieux,0
wesh Bien vu,0
franchement Change de jeu t'es nul mdr,1
ptdr Ferme ta gueule mdr,1
wesh Personne t'aime ici 🤡,1
mdr Bonne soirée le chat sérieux,0
eh Force à toi lol,0
eh T'es mauvais 💀,1
eh Retourne t'entraîner ptdr,1
wesh T'as aucun talent 🤡,1
franchement GG bien joué 💀,0
lol Quel malaise ptdr,1
lol J'adore ce jeu lol,0
non mais Propre mdr,0
mdr J'aime bien ton style de jeu mdr,0
mdr Trop fort 😭,0
mdr Arrête de stream 😭,1
franchement Ça régale ptdr,0
franchement Let's goooo 💀,0
lol J'aime bien ton style de jeu ptdr,0
mdr Supprime ta chaîne lol,1
eh Nice play 🤡,0
wesh Bonsoir à tous mdr,0
franchement T'es à la ramasse lol,1
non mais Masterclass,0
franchement T'es ridicule lol,1
eh Ce jeu est incroyable mdr,0
mdr Salut le chat,0
eh Bien joué le move 😭,0
eh Hâte de voir la suite 💀,0
Bien joué le move ptdr,0
mdr Dégage de Twitch mdr,1
Bien joué le move 😭,0
Nice play 😭,0
Nice play 😭,0
mdr Quelle purge 🤡,1
non mais Change de jeu t'es nul lol,1
franchement T'as aucun talent 🤡,1
non mais Très bonne ambiance ici 💀,0
non mais T'as aucun talent mdr,1
Merci pour le contenu 😭,0
wesh T'es un gros con lol,1
non mais T'es mauvais ptdr,1
eh Ça joue bien 💀,0
mdr On s'ennuie à mort,1
franchement Tu joues depuis combien de temps ? mdr,0
lol Incroyable ce clutch sérieux,0
lol Bonne chance pour la suite 😭,0
eh Trop fort 😭,0
ptdr Ça fait plaisir à regarder lol,0
lol Super stream aujourd'hui,0
wesh Change de jeu t'es nul 💀,1
wesh Ça régale 😭,0
ptdr Change de jeu t'es nul 😭,1
non mais Hâte de voir la suite sérieux,0
franchement Merci pour le stream ptdr,0
ptdr Retourne apprendre à jouer 😭,1
T'es gênant 🤡,1
wesh T'as un niveau éclaté,1
lol Bien joué le move ptdr,0
ptdr Bonne soirée le chat mdr,0
franchement Quelle purge ptdr,1
franchement Yo mdr,0
eh Quelle purge 💀,1
franchement Trop clean lol,0
franchement J'aime bien ton style de jeu mdr,0
franchement C'est insupportable ptdr,1
wesh Hâte de voir la suite 😭,0
eh Masterclass lol,0
Quel stream de merde lol,1
mdr Dégage de Twitch 💀,1
franchement Quelle purge,1
franchement Super stream aujourd'hui 💀,0
C'est insupportable sérieux,1
non mais C'est catastrophique,1
franchement Retourne apprendre à jouer lol,1
mdr Niveau zéro lol,1
ptdr J'en peux plus de te voir mdr,1
non mais T'es une honte sérieux,1
Tu fais n'importe quoi 😭,1
eh J'adore ce jeu mdr,0
lol Apprends à jouer,1
franchement Mais joue correctement 😭,1
mdr J'aime bien ton style de jeu lol,0
non mais Bon courage,0
lol T'es un gros con ptdr,1
wesh Va te faire foutre sérieux,1
wesh Force à toi sérieux,0
eh Bien joué le move 🤡,0
Niveau zéro sérieux,1
non mais Ça clutch fort ptdr,0
eh Bon courage lol,0
franchement Très bonne ambiance ici sérieux,0
Va te faire foutre 😭,1
mdr Ce jeu est incroyable 🤡,0
lol Super stream aujourd'hui,0
lol Quel malaise,1
ptdr Trop clean 🤡,0
eh Retourne t'entraîner lol,1
ptdr Tu gères sérieux,0
eh Même ma grand-mère joue mieux 💀,1
mdr T'es éclaté 😭,1
non mais C'est trop bien ce que tu fais mdr,0
franchement T'es éclaté 🤡,1
ptdr Bien vu mdr,0
mdr Ce jeu est incroyable ptdr,0
ptdr Bien vu 💀,0
non mais C'est trop bien ce que tu fais 😭,0
franchement C'est trop bien ce que tu fais lol,0
franchement T'es à la ramasse ptdr,1
Hâte de voir la suite ptdr,0
eh Tu fais n'importe quoi 💀,1
ptdr T'es mauvais 😭,1
mdr Ça fait plaisir à regarder sérieux,0
non mais Quel malaise mdr,1
franchement Tu fais n'importe quoi mdr,1
mdr Supprime ta chaîne 💀,1
wesh Retourne t'entraîner 😭,1
franchement Bonne soirée le chat sérieux,0
lol T'es à la ramasse 😭,1
lol Hâte de voir la suite lol,0
ptdr Bien joué le move sérieux,0
eh Merci pour le stream sérieux,0
T'as un niveau éclaté lol,1
Salut le chat 😭,0
eh Ça fait plaisir à regarder mdr,0
ptdr Pourquoi tu streams 😭,1
ptdr T'es chaud aujourd'hui,0
ptdr On s'ennuie à mort 🤡,1
mdr Hâte de voir la suite lol,0
ptdr Trop clean 🤡,0
ptdr Salut tout le monde 😭,0
lol T'es mauvais,1
lol Salut tout le monde 😭,0
Retourne apprendre à jouer mdr,1
franchement J'adore ce jeu 🤡,0
wesh Let's goooo,0
eh T'as aucun talent 💀,1
J'adore ce jeu 💀,0
T'es gênant 😭,1
non mais Hâte de voir la suite ptdr,0
eh Franchement respect sérieux,0
eh Merci pour le stream 🤡,0
mdr La strat est bonne 😭,0
wesh Tu fais n'importe quoi mdr,1
non mais Personne t'aime ici 😭,1
lol Nice play lol,0
wesh Ça clutch fort sérieux,0
lol Tu gères,0
Franchement respect,0
mdr Pourquoi tu streams 💀,1
franchement C'est catastrophique ptdr,1
non mais T'es pathétique mdr,1
lol T'es gênant mdr,1
ptdr GG bien joué sérieux,0
non mais Quel stream de merde 😭,1
mdr Merci pour le stream 😭,0
lol Trop clean lol,0
Pourquoi tu streams 😭,1
ptdr T'es nul sérieux,1
eh Quel malaise 🤡,1
eh Respect pour le niveau 🤡,0
non mais Arrête de stream 🤡,1
ptdr Arrête le stream ptdr,1
wesh Retourne apprendre à jouer mdr,1
wesh Salut tout le monde ptdr,0
franchement Supprime ta chaîne lol,1
eh Salut le chat sérieux,0
franchement Tu gères ptdr,0
Continue le grind sérieux,0
franchement On s'ennuie à mort lol,1
Masterclass 😭,0
lol Super stream aujourd'hui lol,0
ptdr GG 💀,0
eh Dégage de Twitch,1
Super stream aujourd'hui mdr,0
mdr Nice play lol,0
lol T'es mauvais lol,1
non mais T'es gênant 😭,1
mdr Va te faire foutre,1
ptdr C'était une belle game,0
eh C'est nul à chier mdr,1
Apprends à jouer,1
Nice play,0
eh T'es une honte ptdr,1
mdr Franchement respect sérieux,0
Super stream aujourd'hui lol,0
ptdr J'aime bien ton style de jeu lol,0
mdr T'es nul,1
wesh Let's goooo mdr,0
non mais On s'ennuie à mort 😭,1
non mais T'es gênant ptdr,1
lol Supprime ta chaîne,1
non mais T'as un niveau éclaté lol,1
eh Ça clutch fort,0
Niveau zéro,1
Arrête de stream ptdr,1
franchement Super stream aujourd'hui 😭,0
franchement Va te faire foutre lol,1
eh T'as aucun talent 😭,1
lol La strat est bonne lol,0
lol Trop clean mdr,0
non mais C'est catastrophique ptdr,1
wesh Bien vu 💀,0
non mais Retourne t'entraîner 💀,1
wesh Trop fort lol,0
T'es éclaté mdr,1
Bon courage lol,0
non mais Trop fort 😭,0
franchement Super stream aujourd'hui 🤡,0
mdr Ça joue bien mdr,0
mdr Va te faire foutre 💀,1
mdr Apprends à jouer 😭,1
mdr Apprends à jouer mdr,1
lol J'en peux plus de te voir mdr,1
Supprime ta chaîne 😭,1
lol Dégage de Twitch 😭,1
non mais T'es un gros con sérieux,1
wesh Même ma grand-mère joue mieux 😭,1
franchement Bonne chance pour la suite sérieux,0
lol Incroyable ce clutch 💀,0
wesh T'es une honte lol,1
T'es pathétique ptdr,1
wesh T'es un gros con mdr,1
ptdr Dégage de Twitch 🤡,1
lol T'as aucun talent mdr,1
mdr Propre sérieux,0
non mais Tu joues depuis combien de temps ? ptdr,0
non mais Ça régale 🤡,0
ptdr Ça joue bien 🤡,0
eh Ça fait plaisir à regarder ptdr,0
wesh Ça fait pitié mdr,1
wesh C'est catastrophique sérieux,1
franchement Continue comme ça 😭,0
mdr Bon courage 😭,0
eh Arrête de stream,1
ptdr Force à toi,0
non mais T'es chaud aujourd'hui 😭,0
non mais Merci pour le contenu lol,0
eh Ferme-la lol,1
wesh La strat est bonne mdr,0
mdr Continue le grind 🤡,0
ptdr T'es éclaté sérieux,1
T'es gênant ptdr,1
eh C'est trop bien ce que tu fais mdr,0
mdr Yo 😭,0
mdr Ça joue bien ptdr,0
lol Masterclass lol,0
non mais Tu gères lol,0
ptdr Continue comme ça lol,0
ptdr Quel est ton setup ? 🤡,0
franchement Trop clean lol,0
eh T'es éclaté 💀,1
eh Salut le chat 😭,0
non mais Bonne chance pour la suite sérieux,0
ptdr Tu gères lol,0
non mais Ce jeu est incroyable 😭,0
GG bien joué 💀,0
franchement Va te faire foutre mdr,1
non mais Arrête le stream sérieux,1
wesh Salut tout le monde sérieux,0
wesh Niveau zéro,1
franchement Salut tout le monde 💀,0
franchement C'est catastrophique 😭,1
non mais Bien vu 🤡,0
Bonsoir à tous 🤡,0
mdr Ça régale lol,0
eh Bonne chance pour la suite,0
mdr Propre 😭,0
Hâte de voir la suite ptdr,0
wesh J'adore ce jeu lol,0
mdr T'es ridicule 😭,1
franchement C'était une belle game 😭,0
C'est nul à chier mdr,1
lol Bien vu 🤡,0
mdr T'es gênant 🤡,1
franchement Ferme-la 💀,1
franchement T'es à la ramasse,1
wesh Supprime ta chaîne sérieux,1
franchement T'es mauvais 💀,1
franchement Arrête de stream sérieux,1
mdr C'est de la merde 😭,1
lol Mais joue correctement lol,1
non mais Nice play 🤡,0
non mais Trop clean 😭,0
wesh Ça joue bien,0
eh Tu fais n'importe quoi sérieux,1
mdr Ça clutch fort 💀,0
T'as un niveau éclaté 😭,1
ptdr C'était une belle game 💀,0
wesh Respect pour le niveau 🤡,0
mdr Tu fais n'importe quoi 😭,1
ptdr J'aime bien ton style de jeu ptdr,0
T'es mauvais mdr,1
mdr On s'ennuie à mort sérieux,1
non mais Même ma grand-mère joue mieux 💀,1
non mais T'es gênant lol,1
Bonne chance pour la suite 💀,0
wesh J'aime bien ton style de jeu ptdr,0
ptdr Bonne chance pour la suite ptdr,0
mdr C'était une belle game mdr,0
lol Retourne t'entraîner mdr,1
franchement T'es mauvais 🤡,1
mdr Quel est ton setup ? 💀,0
non mais J'adore ce jeu lol,0
ptdr Arrête de stream sérieux,1
franchement Propre ptdr,0
eh C'est de la merde 💀,1
wesh C'est catastrophique ptdr,1
franchement C'est catastrophique mdr,1
mdr Supprime ta chaîne 😭,1
lol Merci pour le stream lol,0
wesh GG bien joué 🤡,0
Pourquoi tu streams lol,1
ptdr Niveau zéro sérieux,1
mdr Apprends à jouer lol,1
lol Propre sérieux,0
ptdr Ça clutch fort mdr,0
mdr Ça clutch fort mdr,0
franchement Merci pour le stream 💀,0
wesh Merci pour le stream mdr,0
eh Continue comme ça 😭,0
lol C'est insupportable 😭,1
wesh T'as un niveau éclaté 💀,1
franchement Retourne apprendre à jouer sérieux,1
Bien joué le move 😭,0
franchement Merci pour le contenu ptdr,0
franchement T'es à la ramasse 🤡,1
mdr Respect pour le niveau ptdr,0
mdr Apprends à jouer mdr,1
non mais Personne t'aime ici sérieux,1
franchement Trop clean lol,0
ptdr T'as un niveau éclaté sérieux,1
lol T'es mauvais sérieux,1
non mais T'as un niveau éclaté lol,1
franchement Ça fait plaisir à regarder mdr,0
eh T'es mauvais 💀,1
mdr Hâte de voir la suite 💀,0
non mais Merci pour le stream sérieux,0
franchement Salut le chat 🤡,0
eh T'es vraiment nul sérieux,1
ptdr T'es un gros con 🤡,1
franchement Bonne soirée le chat lol,0
wesh C'est catastrophique ptdr,1
mdr J'en peux plus de te voir lol,1
franchement T'es une honte 💀,1
eh Bien vu mdr,0
wesh J'adore ce jeu mdr,0
mdr Va te faire foutre mdr,1
non mais Quel stream de merde 💀,1
mdr Retourne t'entraîner sérieux,1
non mais On s'ennuie à mort mdr,1
C'était une belle game mdr,0
eh T'es pathétique lol,1
lol J'aime bien ton style de jeu sérieux,0
non mais Même ma grand-mère joue mieux ptdr,1
eh Continue comme ça sérieux,0
franchement T'es un gros con 💀,1
mdr Retourne apprendre à jouer sérieux,1
non mais Super stream aujourd'hui 😭,0
ptdr Propre 🤡,0
non mais Pourquoi tu streams 😭,1
Continue le grind 😭,0
wesh T'es chaud aujourd'hui 😭,0
ptdr T'es une honte mdr,1
lol Ça clutch fort 💀,0
mdr Super stream aujourd'hui mdr,0
eh T'es gênant 🤡,1
franchement C'est de la merde lol,1
eh Merci pour le contenu mdr,0
ptdr Bonsoir à tous 💀,0
non mais T'es ridicule 😭,1
Tu gères 💀,0
franchement Bien joué le move,0
lol Force à toi 💀,0
non mais Ça fait pitié 🤡,1
T'es un gros con ptdr,1
ptdr Tu fais n'importe quoi 🤡,1
lol Même ma grand-mère joue mieux ptdr,1
non mais T'es une honte 💀,1
lol Supprime ta chaîne 😭,1
wesh Ferme-la sérieux,1
mdr Mais joue correctement 😭,1
franchement Tu fais n'importe quoi mdr,1
franchement Yo ptdr,0
On s'ennuie à mort lol,1
wesh Retourne t'entraîner mdr,1
non mais Tu gères,0
franchement C'est insupportable 💀,1
ptdr On s'ennuie à mort lol,1
ptdr C'est de la merde 😭,1
non mais C'est trop bien ce que tu fais ptdr,0
Ce jeu est incroyable lol,0
non mais Bonne chance pour la suite 🤡,0
franchement Supprime ta chaîne 😭,1
eh T'es nul mdr,1
wesh T'es vraiment nul 💀,1
lol T'es gênant 💀,1
franchement Retourne t'entraîner 😭,1
ptdr Propre mdr,0
non mais GG ptdr,0
franchement Hâte de voir la suite ptdr,0
non mais Ferme-la ptdr,1
non mais T'es pathétique 😭,1
C'est de la merde ptdr,1
non mais Merci pour le contenu,0
Quelle purge mdr,1
franchement Ça joue bien lol,0
non mais Yo lol,0
mdr Retourne t'entraîner ptdr,1
Quel est ton setup ?,0
non mais T'es vraiment nul sérieux,1
eh Mais joue correctement lol,1
lol Quel clutch 😭,0
wesh Ça fait pitié 💀,1
Change de jeu t'es nul sérieux,1
mdr Ça régale 🤡,0
lol Apprends à jouer lol,1
franchement Quel malaise 😭,1
wesh Ça régale sérieux,0
franchement Ferme-la,1
wesh Ça clutch fort ptdr,0
lol T'as aucun talent sérieux,1
eh On s'ennuie à mort ptdr,1
eh Ça régale lol,0
lol Quel stream de merde 🤡,1
ptdr Super stream aujourd'hui mdr,0
eh Trop fort ptdr,0
franchement Même ma grand-mère joue mieux 🤡,1
eh Quel clutch 💀,0
franchement Yo,0
lol T'es ridicule lol,1
Arrête le stream mdr,1
wesh Quel est ton setup ? lol,0
non mais Trop fort lol,0
franchement T'es gênant sérieux,1
lol T'es une honte,1
non mais Ça joue bien ptdr,0
non mais Nice play lol,0
Respect pour le niveau 💀,0
wesh C'est insupportable lol,1
non mais Supprime ta chaîne ptdr,1
non mais Tu joues depuis combien de temps ? 💀,0
franchement Super stream aujourd'hui mdr,0
eh C'est insupportable 🤡,1
non mais T'as aucun talent 💀,1
Propre lol,0
mdr Trop fort 🤡,0
mdr J'en peux plus de te voir mdr,1
franchement Nice play ptdr,0
wesh Salut tout le monde lol,0
eh T'es pathétique ptdr,1
wesh T'es ridicule lol,1
eh Merci pour le stream mdr,0
wesh Retourne apprendre à jouer 🤡,1
mdr Bon courage,0
Ça fait plaisir à regarder ptdr,0
lol Pourquoi tu streams 🤡,1
Bien vu lol,0
non mais J'adore ce jeu sérieux,0
Merci pour le stream 💀,0
C'est nul à chier,1
eh T'es pathétique 💀,1
ptdr Merci pour le contenu sérieux,0
lol Va te faire foutre 🤡,1
non mais J'en peux plus de te voir 🤡,1
mdr La strat est bonne lol,0
franchement Bien joué le move,0
ptdr Ferme ta gueule lol,1
mdr Let's goooo 🤡,0
non mais Respect pour le niveau 🤡,0
non mais Respect pour le niveau 💀,0
lol T'es un gros con lol,1
Quel malaise lol,1
Même ma grand-mère joue mieux 😭,1
franchement Bon courage 🤡,0
mdr T'as aucun talent ptdr,1
mdr GG,0
eh T'as aucun talent mdr,1
ptdr Bon courage mdr,0
franchement T'es à la ramasse lol,1
lol Masterclass 💀,0
mdr GG 😭,0
franchement Bien joué le move ptdr,0
wesh Supprime ta chaîne 🤡,1
ptdr T'es éclaté lol,1
ptdr Bonne chance pour la suite mdr,0
eh Très bonne ambiance ici 🤡,0
eh On s'ennuie à mort sérieux,1
lol Change de jeu t'es nul 💀,1
non mais Apprends à jouer,1
lol Continue le grind 😭,0
ptdr C'est insupportable mdr,1
non mais Quel clutch sérieux,0
eh Bonne soirée le chat mdr,0
wesh C'est catastrophique 😭,1
ptdr T'es une honte ptdr,1
wesh Tu fais n'importe quoi sérieux,1
Continue comme ça 😭,0
ptdr Hâte de voir la suite 😭,0
eh Bon courage ptdr,0
Personne t'aime ici,1
eh Trop clean ptdr,0
ptdr Va te faire foutre mdr,1
eh T'es vraiment nul 🤡,1
eh C'est catastrophique lol,1
non mais Continue comme ça sérieux,0
mdr Merci pour le contenu ptdr,0
wesh T'es vraiment nul 😭,1
Même ma grand-mère joue mieux mdr,1
eh La strat est bonne 💀,0
mdr Yo 🤡,0
wesh Tu fais n'importe quoi mdr,1
mdr Très bonne ambiance ici 💀,0
lol Incroyable ce clutch 😭,0
mdr Ce jeu est incroyable sérieux,0
T'es pathétique 💀,1
eh Mais joue correctement 🤡,1
lol Ça régale lol,0
wesh Niveau zéro 🤡,1
non mais Apprends à jouer sérieux,1
mdr T'es nul 🤡,1
franchement Retourne apprendre à jouer lol,1
eh T'es à la ramasse sérieux,1
GG 😭,0
mdr GG ptdr,0
Tu fais n'importe quoi sérieux,1
lol Trop fort 💀,0
mdr C'est catastrophique 🤡,1
ptdr GG 😭,0
wesh Tu fais n'importe quoi 😭,1
franchement J'en peux plus de te voir 😭,1
eh J'en peux plus de te voir ptdr,1
non mais Bon courage 😭,0
lol Masterclass 🤡,0
Nice play 🤡,0
lol Ce jeu est incroyable 💀,0
mdr C'est trop bien ce que tu fais 🤡,0
non mais J'en peux plus de te voir mdr,1
non mais C'est de la merde sérieux,1
non mais Ça fait plaisir à regarder sérieux,0
Ferme ta gueule ptdr,1
franchement Bonsoir à tous 💀,0
eh Va te faire foutre lol,1
eh Pourquoi tu streams sérieux,1
Supprime ta chaîne 💀,1
wesh Hâte de voir la suite mdr,0
wesh Va te faire foutre 😭,1
ptdr Ce jeu est incroyable sérieux,0
eh Yo lol,0
mdr C'est insupportable sérieux,1
ptdr Yo ptdr,0
mdr Yo sérieux,0
Trop fort 🤡,0
lol Bonne chance pour la suite 🤡,0
ptdr T'es à la ramasse 💀,1
franchement Bonne chance pour la suite mdr,0
ptdr La strat est bonne 😭,0
wesh GG bien joué 🤡,0
non mais Continue comme ça mdr,0
eh Franchement respect 😭,0
eh Propre 💀,0
eh T'es pathétique,1
Respect pour le niveau 💀,0
franchement Continue le grind lol,0
franchement Ça joue bien sérieux,0
wesh Bonsoir à tous,0
franchement Quel malaise,1
wesh Salut le chat sérieux,0
lol Trop fort 🤡,0
eh T'es une honte 💀,1
C'est catastrophique,1
wesh Masterclass mdr,0
ptdr On s'ennuie à mort lol,1
eh C'était une belle game 😭,0
lol Quel stream de merde sérieux,1
Va te faire foutre 🤡,1
lol Bonne soirée le chat lol,0
Force à toi mdr,0
ptdr J'en peux plus de te voir 😭,1
mdr Trop clean mdr,0
lol T'es mauvais,1
Apprends à jouer sérieux,1
wesh Change de jeu t'es nul ptdr,1
ptdr Même ma grand-mère joue mieux 💀,1
Ce jeu est incroyable 💀,0
C'était une belle game 🤡,0
lol Bonne soirée le chat mdr,0
non mais C'était une belle game 💀,0
wesh Bien vu ptdr,0
Continue comme ça lol,0
ptdr Masterclass mdr,0
ptdr J'aime bien ton style de jeu 💀,0
eh T'es éclaté 😭,1
Change de jeu t'es nul mdr,1
mdr T'es une honte ptdr,1
lol Tu joues depuis combien de temps ? 😭,0
mdr Mais joue correctement 🤡,1
Niveau zéro 😭,1
ptdr Let's goooo mdr,0
lol Franchement respect,0
mdr Ferme ta gueule,1
franchement T'es éclaté,1
mdr T'es nul 💀,1
Quelle purge 😭,1
lol GG bien joué lol,0
lol Propre sérieux,0
wesh Quel clutch 🤡,0
eh Salut le chat 😭,0
non mais Niveau zéro mdr,1
lol Très bonne ambiance ici ptdr,0
mdr T'es nul lol,1
franchement Quel clutch,0
wesh Quel stream de merde 💀,1
mdr Salut tout le monde mdr,0
ptdr Salut le chat 🤡,0
franchement Quel stream de merde sérieux,1
lol Personne t'aime ici lol,1
eh Bien vu 😭,0
wesh Quel malaise sérieux,1
Trop fort sérieux,0
ptdr Trop clean lol,0
C'est nul à chier 💀,1
Même ma grand-mère joue mieux ptdr,1
franchement Même ma grand-mère joue mieux 🤡,1
franchement Quel est ton setup ? ptdr,0
eh Quel malaise ptdr,1
lol J'aime bien ton style de jeu sérieux,0
mdr C'était une belle game 💀,0
T'es nul mdr,1
wesh Retourne t'entraîner mdr,1
lol Retourne apprendre à jouer 😭,1
Quel est ton setup ? ptdr,0
non mais Va te faire foutre sérieux,1
lol Dégage de Twitch 💀,1
eh Retourne apprendre à jouer sérieux,1
mdr C'était une belle game ptdr,0
mdr Quel stream de merde mdr,1
franchement Let's goooo lol,0
eh T'es pathétique lol,1
eh C'est insupportable 🤡,1
eh T'es ridicule 🤡,1
wesh J'adore ce jeu mdr,0
lol Bien vu mdr,0
wesh T'es ridicule 💀,1
J'aime bien ton style de jeu mdr,0
lol Merci pour le stream lol,0
lol Dégage de Twitch 😭,1
eh C'est nul à chier 🤡,1
non mais Pourquoi tu streams 💀,1
La strat est bonne 😭,0
ptdr Très bonne ambiance ici,0
